[{
  "_id": {
    "$oid": "65df6fa57275022fb5c74d65"
  },
  "codoperatore": "11",
  "dataperizia": "2024-02-18",
  "oraperizia": "16:00",
  "coordinate": "44.706663, 7.681425",
  "descrizione": "Descrizione casa mia",
  "immagini": [
	{
      "img": "img1.png",
      "commento": "commento perizia immagine 1"
    },
	{
      "img": "img3.png",
      "commento": "commento perizia immagine 3"
    }
  ],
  "codperizia": 1
},
{
  "_id": {
    "$oid": "65df6fa57275022fb5c74d66"
  },
  "codoperatore": 1,
  "dataperizia": "2024-08-17",
  "oraperizia": "10:00",
  "coordinate": "44.7027491560758, 7.716655423855991",
  "descrizione": "Descrizione perizia vivalda",
  "immagini": [
    {
      "img": "img1.png",
      "commento": "commento perizia 2"
    }
  ],
  "codperizia": 2
},
{
  "_id": {
    "$oid": "6606c19e88f7ee3c6fd9ddc9"
  },
  "codoperatore": 2,
  "dataperizia": "2023/11/23",
  "oraperizia": "17:50",
  "coordinate": "44.3933299629235, 7.565668207895589",
  "descrizione": "descrizione mondo edp srl",
  "immagini": [
    {
      "img": "img1.png",
      "commento": "commento perizia immagine 1"
    },
	{
      "img": "img2.png",
      "commento": "commento perizia immagine 2"
    }
  ],
  "codperizia": 3
}]